Nom,Environnement,Source,Preference 1,Preference 2,Preference 3,Preference 4,Preference 5,Preference 6
Bulbizarre,Lumineux,base,Choses a partager,Choses douces,Choses liees a l'eau,Choses liees a la nature,Choses mignonnes,Choses sucrees
Herbizarre,Lumineux,base,Choses acidulees,Choses colorees,Choses douces,Choses liees a la nature,Choses mignonnes,Fleurs epanouies
Florizarre,Lumineux,base,Choses acidulees,Choses douces,Choses liees a la nature,Choses luxueuses,Choses mignonnes,Fleurs epanouies
Salameche,Chaud,base,Choses a partager,Choses dures,Choses en bois,Choses epicees,Choses liees au feu,Choses pour s'entrainer
Reptincel,Chaud,base,Choses dures,Choses en bois,Choses epicees,Choses liees au feu,Choses pour s'entrainer,Moyens de transport
Dracaufeu,Chaud,base,Choses en bois,Choses epicees,Choses liees au feu,Choses liees au vent,Choses luxueuses,Choses pour s'entrainer
Carapuce,Humide,base,Choses a partager,Choses liees a l'eau,Choses mignonnes,Choses propres,Choses qui guerissent,Choses sucrees
Carabaffe,Humide,base,Choses dures,Choses epicees,Choses liees a l'eau,Choses pour s'entrainer,Choses propres,Choses qui guerissent
Tortank,Humide,base,Choses acidulees,Choses liees a l'eau,Choses luxueuses,Choses pour s'entrainer,Choses propres,Choses qui guerissent
Roucool,Lumineux,base,Choses acidulees,Choses amusantes a regarder,Choses douces,Choses liees a la nature,Choses liees au vent,Lieux pour jouer
Roucoups,Lumineux,base,Choses amusantes a regarder,Choses douces,Choses epicees,Choses imitant des aliments,Choses liees a la nature,Choses liees au vent
Roucarnage,Lumineux,base,Choses acidulees,Choses douces,Choses en bois,Choses liees a la nature,Choses liees au vent,Choses luxueuses
Mystherbe,Humide,base,Choses ameres,Choses douces,Choses liees a l'eau,Choses liees a la nature,Choses liees a la terre,Fleurs epanouies
Ortide,Humide,base,Choses acres,Choses douces,Choses liees a la nature,Choses liees a la terre,Dechets,Fleurs epanouies
Rafflesia,Humide,base,Choses ameres,Choses colorees,Choses douces,Choses liees a la nature,Choses liees a la terre,Fleurs epanouies
Joliflor,Lumineux,base,Choses acidulees,Choses liees a la nature,Choses mignonnes,Choses qui font du bruit,Fleurs epanouies,Lieux pour jouer
Paras,Humide,base,Choses ameres,Choses amusantes a regarder,Choses en bois,Choses imitant des aliments,Choses liees a la nature,Choses liees a la terre
Parasect,Humide,base,Choses ameres,Choses amusantes a regarder,Choses en bois,Choses etranges,Choses liees a la nature,Choses liees a la terre
Mimitoss,Lumineux,base,Choses ameres,Choses amusantes a regarder,Choses avec du texte,Choses difficiles,Choses en bois,Choses liees a la nature
Aeromite,Lumineux,base,Choses ameres,Choses amusantes a regarder,Choses en bois,Choses liees a la nature,Choses liees au vent,Fleurs epanouies
Chetiflor,Humide,base,Choses acres,Choses en bois,Choses liees a l'eau,Choses liees a la nature,Choses liees a la terre,Fleurs epanouies
Boustiflor,Humide,base,Choses ameres,Choses colorees,Choses en bois,Choses liees a la nature,Choses liees a la terre,Fleurs epanouies
Empiflor,Humide,base,Choses ameres,Choses colorees,Choses en bois,Choses liees a la nature,Choses liees a la terre,Fleurs epanouies
Ramoloss,Humide,base,Choses acres,Choses douces,Choses etranges,Choses liees a l'eau,Choses propres,Choses qui guerissent
Flagadoss,Humide,base,Choses a partager,Choses acres,Choses etranges,Choses liees a l'eau,Choses propres,Choses qui guerissent
Roigada,Humide,base,Choses a partager,Choses acidulees,Choses etranges,Choses liees a l'eau,Choses propres,Choses qui guerissent
Magneti,Lumineux,base,Choses a partager,Choses ameres,Choses dures,Choses electriques,Choses en metal,Choses qui brillent
Magneton,Lumineux,base,Choses a partager,Choses ameres,Choses electriques,Choses en metal,Choses groupees,Choses qui brillent
Magnezone,Lumineux,base,Choses ameres,Choses dures,Choses electriques,Choses en metal,Choses groupees,Choses luxueuses
Onix,Sec,base,Choses acres,Choses carrees,Choses en pierre,Choses fines,Choses liees a la terre,Choses pour s'entrainer
Steelix,Sec,base,Choses acidulees,Choses dures,Choses en metal,Choses en pierre,Choses fines,Choses liees a la terre
Osselait,Sec,base,Choses a partager,Choses ameres,Choses fines,Choses liees a la terre,Choses pour s'entrainer,Constructions
Ossatueur,Sec,base,Choses acres,Choses fines,Choses liees a la terre,Choses luxueuses,Choses pour s'entrainer,Constructions
Debugant,Lumineux,base,Choses a partager,Choses en pierre,Choses en tissu,Choses epicees,Choses pour s'entrainer,Choses rondes
Kicklee,Lumineux,base,Choses a partager,Choses en pierre,Choses en tissu,Choses epicees,Choses pour s'entrainer,Choses rondes
Tygnon,Lumineux,base,Choses a partager,Choses en pierre,Choses en tissu,Choses pour s'entrainer,Choses rondes,Choses sucrees
Kapoera,Lumineux,base,Choses a partager,Choses en pierre,Choses en tissu,Choses pour s'entrainer,Choses rondes,Choses sucrees
Smogo,Sombre,base,Choses ameres,Choses difficiles,Choses douces,Choses groupees,Choses ondoyantes,Dechets
Smogogo,Sombre,base,Choses ameres,Choses difficiles,Choses douces,Choses groupees,Choses ondoyantes,Dechets
Saquedeneu,Lumineux,base,Choses acidulees,Choses fines,Choses groupees,Choses liees a l'eau,Choses liees a la nature,Fleurs epanouies
Bouldeneu,Humide,base,Choses ameres,Choses amusantes a regarder,Choses groupees,Choses liees a l'eau,Choses liees a la nature,Fleurs epanouies
Insecateur,Lumineux,base,Choses en bois,Choses epicees,Choses liees a la nature,Choses liees au vent,Choses pointues,Choses pour s'entrainer
Cizayox,Lumineux,base,Choses ameres,Choses dures,Choses en bois,Choses en metal,Choses liees a la nature,Choses pour s'entrainer
Scarabrute,Lumineux,base,Choses en bois,Choses epicees,Choses liees a la nature,Choses pointues,Choses pour s'entrainer,Fleurs epanouies
Magicarpe,Humide,base,Choses a partager,Choses liees a l'eau,Choses liees a la mer,Choses ondoyantes,Choses sucrees,Moyens de transport
Leviator,Humide,base,Choses epicees,Choses fines,Choses liees a l'eau,Choses liees a la mer,Choses liees au vent,Choses propres
Hoothoot,Sombre,base,Choses acres,Choses amusantes a regarder,Choses douces,Choses en tissu,Choses liees au vent,Choses ondoyantes
Noarfang,Sombre,base,Choses acres,Choses amusantes a regarder,Choses avec du texte,Choses douces,Choses liees au vent,Recipients
Scarhino,Lumineux,base,Choses en bois,Choses imitant des aliments,Choses liees a la nature,Choses pour s'entrainer,Choses sucrees,Fleurs epanouies
Muciole,Sombre,base,Choses a partager,Choses en bois,Choses liees a la nature,Choses mignonnes,Choses qui brillent,Choses sucrees
Lumivole,Sombre,base,Choses a partager,Choses acidulees,Choses en bois,Choses liees a la nature,Choses mignonnes,Choses qui brillent
Gloupti,Humide,base,Choses colorees,Choses epicees,Choses imitant des aliments,Choses mignonnes,Choses rondes,Recipients
Avaltout,Humide,base,Choses ameres,Choses colorees,Choses imitant des aliments,Choses rondes,Dechets,Recipients
Cacnea,Sec,base,Choses epicees,Choses liees a la nature,Choses mignonnes,Choses pointues,Choses rondes,Fleurs epanouies
Cacturne,Sec,base,Choses acres,Choses liees a la nature,Choses liees au vent,Choses luxueuses,Choses pointues,Choses qui brillent
Apitrini,Lumineux,base,Choses a partager,Choses en bois,Choses groupees,Choses liees a la nature,Choses liees au vent,Choses sucrees
Apireine,Lumineux,base,Choses difficiles,Choses en bois,Choses groupees,Choses liees a la nature,Choses liees au vent,Choses sucrees
Sancoki,Humide,base,Choses acidulees,Choses colorees,Choses liees a l'eau,Choses liees a la mer,Choses propres,Recipients
Sancoki Orient,Humide,base,Choses acres,Choses colorees,Choses liees a l'eau,Choses liees a la mer,Choses propres,Recipients
Tritosor,Humide,base,Choses acidulees,Choses liees a l'eau,Choses liees a la mer,Choses liees a la terre,Choses propres,Recipients
Tritosor Orient,Humide,base,Choses acres,Choses liees a l'eau,Choses liees a la mer,Choses liees a la terre,Choses propres,Recipients
Baudrive,Chaud,base,Choses ameres,Choses etranges,Choses inquietantes,Choses liees au vent,Choses mignonnes,Choses rondes
Grodrive,Chaud,base,Choses ameres,Choses etranges,Choses inquietantes,Choses liees au vent,Choses ondoyantes,Choses qui tournent
Rototaupe,Sombre,base,Choses acidulees,Choses amusantes a regarder,Choses en pierre,Choses liees a la nature,Choses liees a la terre,Choses pointues
Minotaupe,Sombre,base,Choses acidulees,Choses amusantes a regarder,Choses en metal,Choses liees a la terre,Choses pointues,Choses pour s'entrainer
Charpenti,Lumineux,base,Choses carrees,Choses en bois,Choses epicees,Choses fines,Choses pour s'entrainer,Constructions
Ouvrifier,Lumineux,base,Choses a partager,Choses en metal,Choses epicees,Choses fines,Choses pour s'entrainer,Constructions
Betochef,Lumineux,base,Choses a partager,Choses en pierre,Choses epicees,Choses fines,Choses pour s'entrainer,Constructions
Funecire,Chaud,base,Choses ameres,Choses carrees,Choses etranges,Choses inquietantes,Choses liees au feu,Choses ondoyantes
Melancolux,Chaud,base,Choses ameres,Choses etranges,Choses inquietantes,Choses liees au feu,Choses ondoyantes,Recipients
Lugulabre,Chaud,base,Choses acres,Choses amusantes a regarder,Choses etranges,Choses inquietantes,Choses liees au feu,Choses ondoyantes
Coupenotte,Sombre,base,Choses dures,Choses liees a la terre,Choses liees au feu,Choses luxueuses,Choses pointues,Choses sucrees
Incisache,Sombre,base,Choses epicees,Choses liees a la terre,Choses liees au feu,Choses luxueuses,Choses pointues,Choses pour s'entrainer
Tranchodon,Sombre,base,Choses acidulees,Choses liees a la terre,Choses liees au feu,Choses luxueuses,Choses pointues,Choses pour s'entrainer
Mucuscule,Humide,base,Choses liees a l'eau,Choses liees a la nature,Choses luxueuses,Choses propres,Choses qui guerissent,Choses sucrees
Colimucus,Humide,base,Choses douces,Choses liees a l'eau,Choses luxueuses,Choses propres,Choses qui guerissent,Choses sucrees
Muplodocus,Humide,base,Choses acidulees,Choses liees a l'eau,Choses luxueuses,Choses pour s'entrainer,Choses propres,Choses qui guerissent
Nigosier,Humide,base,Choses ameres,Choses fines,Choses imitant des aliments,Choses liees a l'eau,Choses liees a la mer,Choses liees au vent
Pichu,Lumineux,base,Choses electriques,Choses en tissu,Choses en verre,Choses mignonnes,Choses sucrees,Fleurs epanouies
Pikachu,Lumineux,base,Choses a partager,Choses acidulees,Choses electriques,Choses en verre,Choses rondes,Moyens de transport
Raichu,Lumineux,base,Choses a partager,Choses acidulees,Choses electriques,Choses en verre,Choses rondes,Lieux pour jouer
Nosferapti,Sombre,base,Choses difficiles,Choses en bois,Choses epicees,Choses inquietantes,Choses liees au vent,Choses qui font du bruit
Nosferalto,Sombre,base,Choses difficiles,Choses en bois,Choses epicees,Choses inquietantes,Choses liees au vent,Choses qui font du bruit
Nostenfer,Sombre,base,Choses acres,Choses amusantes a regarder,Choses en bois,Choses inquietantes,Choses liees au vent,Dechets
Miaouss,Frais,base,Choses a partager,Choses en verre,Choses epicees,Choses luxueuses,Choses qui brillent,Recipients
Persian,Frais,base,Choses a partager,Choses acidulees,Choses amusantes a regarder,Choses luxueuses,Choses qui brillent,Recipients
Psykokwak,Humide,base,Choses acres,Choses difficiles,Choses etranges,Choses liees a l'eau,Choses liees a la mer,Choses qui guerissent
Akwakwak,Humide,base,Choses acres,Choses difficiles,Choses etranges,Choses liees a l'eau,Choses liees a la mer,Choses pointues
Caninos,Chaud,base,Choses avec du texte,Choses en pierre,Choses liees au feu,Choses liees au vent,Choses sucrees,Fleurs epanouies
Arcanin,Chaud,base,Choses amusantes a regarder,Choses avec des symboles,Choses en pierre,Choses epicees,Choses liees au feu,Choses liees au vent
Tadmorv,Sombre,base,Choses ameres,Choses groupees,Choses inquietantes,Choses qui brillent,Dechets,Recipients
Grotadmorv,Sombre,base,Choses ameres,Choses colorees,Choses groupees,Choses inquietantes,Choses qui brillent,Dechets
Fantominus,Sombre,base,Choses a partager,Choses epicees,Choses etranges,Choses inquietantes,Dechets,Recipients
Spectrum,Sombre,base,Choses a partager,Choses epicees,Choses etranges,Choses inquietantes,Choses ondoyantes,Dechets
Ectoplasma,Sombre,base,Choses a partager,Choses etranges,Choses inquietantes,Choses sucrees,Dechets,Moyens de transport
Voltorbe,Lumineux,base,Choses ameres,Choses colorees,Choses electriques,Choses qui brillent,Choses qui tournent,Choses rondes
Electrode,Lumineux,base,Choses acidulees,Choses electriques,Choses qui brillent,Choses qui tournent,Choses rondes,Lieux pour jouer
Noeunoeuf,Lumineux,base,Choses a partager,Choses amusantes a regarder,Choses epicees,Choses etranges,Choses groupees,Choses liees a la nature
Noadkoko,Lumineux,base,Choses acres,Choses amusantes a regarder,Choses en bois,Choses etranges,Choses groupees,Choses liees a la nature
Ptiravi,Lumineux,base,Choses douces,Choses en tissu,Choses qui guerissent,Choses rondes,Choses sucrees,Recipients
Leveinard,Lumineux,base,Choses a partager,Choses douces,Choses en tissu,Choses qui guerissent,Choses rondes,Choses sucrees
Leuphorie,Lumineux,base,Choses a partager,Choses acidulees,Choses douces,Choses en tissu,Choses qui guerissent,Choses rondes
Elekid,Lumineux,base,Choses electriques,Choses en verre,Choses mignonnes,Choses qui tournent,Choses rondes,Choses sucrees
Elektek,Lumineux,base,Choses electriques,Choses en verre,Choses epicees,Choses liees au feu,Choses pointues,Choses pour s'entrainer
Elekable,Lumineux,base,Choses acidulees,Choses dures,Choses electriques,Choses en verre,Choses liees au feu,Choses pour s'entrainer
Lokhlass,Humide,base,Choses acidulees,Choses amusantes a regarder,Choses liees a l'eau,Choses liees a la mer,Choses propres,Choses qui guerissent
Goinfrex,Chaud,base,Choses a partager,Choses acres,Choses douces,Choses imitant des aliments,Choses liees a la nature,Choses ondoyantes
Ronflex,Chaud,base,Choses acres,Choses douces,Choses en tissu,Choses imitant des aliments,Choses ondoyantes,Moyens de transport
Mimigal,Humide,base,Choses ameres,Choses colorees,Choses en bois,Choses liees a la nature,Dechets,Moyens de transport
Migalos,Humide,base,Choses acidulees,Choses colorees,Choses en bois,Choses liees a la nature,Dechets,Moyens de transport
Wattouat,Lumineux,base,Choses electriques,Choses en tissu,Choses en verre,Choses mignonnes,Choses qui brillent,Choses sucrees
Lainergie,Lumineux,base,Choses ameres,Choses electriques,Choses en verre,Choses mignonnes,Choses qui brillent,Moyens de transport
Pharamp,Lumineux,base,Choses acidulees,Choses electriques,Choses en verre,Choses mignonnes,Choses qui brillent,Fleurs epanouies
Azurill,Humide,base,Choses acidulees,Choses liees a l'eau,Choses mignonnes,Choses propres,Choses qui guerissent,Moyens de transport
Marill,Humide,base,Choses acidulees,Choses avec des symboles,Choses liees a l'eau,Choses mignonnes,Choses propres,Choses rondes
Azumarill,Humide,base,Choses acidulees,Choses avec des symboles,Choses liees a l'eau,Choses mignonnes,Choses ondoyantes,Constructions
Axoloto,Humide,base,Choses a partager,Choses acidulees,Choses en pierre,Choses liees a la terre,Choses propres,Dechets
Terraiste,Humide,base,Choses ameres,Choses liees a l'eau,Choses liees a la terre,Choses propres,Choses rondes,Dechets
Queulorior,Lumineux,base,Choses acres,Choses colorees,Choses douces,Choses en tissu,Choses etranges,Choses qui brillent
Poussifeu,Chaud,base,Choses en pierre,Choses liees au feu,Choses mignonnes,Choses sucrees,Fleurs epanouies,Recipients
Galifeu,Chaud,base,Choses en pierre,Choses epicees,Choses liees au feu,Choses pour s'entrainer,Constructions,Recipients
Brasegali,Chaud,base,Choses epicees,Choses liees au feu,Choses luxueuses,Choses pour s'entrainer,Constructions,Recipients
Goelise,Humide,base,Choses acres,Choses amusantes a regarder,Choses liees a l'eau,Choses liees a la mer,Choses liees au vent,Choses propres
Bekipan,Humide,base,Choses acres,Choses amusantes a regarder,Choses liees a l'eau,Choses liees a la mer,Choses liees au vent,Choses propres
Makuhita,Lumineux,base,Choses en bois,Choses en tissu,Choses pour s'entrainer,Choses rondes,Choses sucrees,Constructions
Hariyama,Lumineux,base,Choses en tissu,Choses epicees,Choses pour s'entrainer,Choses rondes,Constructions,Moyens de transport
Absol,Sombre,base,Choses acres,Choses avec du texte,Choses difficiles,Choses douces,Choses liees au vent,Choses pour s'entrainer
Tiplouf,Humide,base,Choses liees a l'eau,Choses liees a la mer,Choses liees au vent,Choses propres,Choses sucrees,Recipients
Prinplouf,Humide,base,Choses acres,Choses liees a l'eau,Choses liees a la mer,Choses liees au vent,Choses propres,Recipients
Pingoleon,Humide,base,Choses ameres,Choses avec du texte,Choses en metal,Choses liees a l'eau,Choses liees a la mer,Choses propres
Nanmeouie,Lumineux,base,Choses ameres,Choses douces,Choses en tissu,Choses mignonnes,Choses qui guerissent,Choses rondes
Miamiasme,Humide,base,Choses ameres,Choses difficiles,Choses groupees,Choses qui brillent,Dechets,Recipients
Miasmax,Humide,base,Choses acidulees,Choses difficiles,Choses groupees,Choses qui brillent,Dechets,Recipients
Zorua,Sombre,base,Choses a partager,Choses acidulees,Choses en verre,Choses luxueuses,Choses mignonnes,Choses qui brillent
Zoroark,Sombre,base,Choses a partager,Choses en verre,Choses epicees,Choses etranges,Choses luxueuses,Choses qui brillent
Chinchidou,Lumineux,base,Choses douces,Choses en tissu,Choses mignonnes,Choses propres,Choses sucrees,Moyens de transport
Pashmilla,Lumineux,base,Choses acidulees,Choses douces,Choses en tissu,Choses mignonnes,Choses propres,Moyens de transport
Larvibule,Lumineux,base,Choses acres,Choses amusantes a regarder,Choses electriques,Choses liees a la nature,Choses liees a la terre,Recipients
Chrysapile,Lumineux,base,Choses ameres,Choses amusantes a regarder,Choses carrees,Choses electriques,Choses en verre,Choses liees a la nature
Lucanon,Lumineux,base,Choses acres,Choses electriques,Choses en verre,Choses liees a la nature,Choses liees au vent,Choses pour s'entrainer
Mimiqui,Sombre,base,Choses a partager,Choses ameres,Choses electriques,Choses en tissu,Choses inquietantes,Choses mignonnes
Pohm,Lumineux,base,Choses a partager,Choses electriques,Choses en verre,Choses mignonnes,Choses qui brillent,Choses sucrees
Pohmotte,Lumineux,base,Choses a partager,Choses electriques,Choses en verre,Choses pour s'entrainer,Choses qui brillent,Choses sucrees
Pohmarmotte,Lumineux,base,Choses a partager,Choses acres,Choses electriques,Choses pour s'entrainer,Choses qui brillent,Choses qui guerissent
Nigirigon Incurvee,Humide,base,Choses a partager,Choses acidulees,Choses fines,Choses groupees,Choses liees a l'eau,Choses liees a la mer
Nigirigon Affaissee,Humide,base,Choses a partager,Choses carrees,Choses liees a l'eau,Choses liees a la mer,Choses qui tournent,Choses sucrees
Nigirigon Allongee,Humide,base,Choses a partager,Choses avec du texte,Choses epicees,Choses liees a l'eau,Choses liees a la mer,Recipients
Abo,Sombre,base,Choses amusantes a regarder,Choses epicees,Choses fines,Choses liees a la nature,Choses qui tournent,Dechets
Arbok,Sombre,base,Choses amusantes a regarder,Choses epicees,Choses fines,Choses liees a la nature,Choses qui tournent,Dechets
Melo,Sombre,base,Choses colorees,Choses mignonnes,Choses qui guerissent,Choses rondes,Choses sucrees,Moyens de transport
Melofee,Sombre,base,Choses a partager,Choses mignonnes,Choses qui guerissent,Choses sucrees,Fleurs epanouies,Lieux pour jouer
Melodelfe,Sombre,base,Choses a partager,Choses acidulees,Choses mignonnes,Choses qui guerissent,Fleurs epanouies,Lieux pour jouer
Toudoudou,Chaud,base,Choses douces,Choses mignonnes,Choses qui font du bruit,Choses qui guerissent,Choses sucrees,Lieux pour jouer
Rondoudou,Lumineux,base,Choses douces,Choses mignonnes,Choses ondoyantes,Choses qui guerissent,Choses sucrees,Lieux pour jouer
Grodoudou,Lumineux,base,Choses a partager,Choses acidulees,Choses douces,Choses mignonnes,Choses qui guerissent,Lieux pour jouer
Taupiqueur,Sombre,base,Choses a partager,Choses ameres,Choses fines,Choses liees a la terre,Choses mignonnes,Lieux pour jouer
Triopikeur,Sombre,base,Choses a partager,Choses epicees,Choses fines,Choses groupees,Choses liees a la terre,Lieux pour jouer
Machoc,Lumineux,base,Choses a partager,Choses dures,Choses en pierre,Choses epicees,Choses pour s'entrainer,Constructions
Machopeur,Lumineux,base,Choses a partager,Choses acidulees,Choses dures,Choses en pierre,Choses pour s'entrainer,Constructions
Mackogneur,Lumineux,base,Choses a partager,Choses dures,Choses en pierre,Choses epicees,Choses pour s'entrainer,Constructions
Racaillou,Sombre,base,Choses acres,Choses dures,Choses en pierre,Choses pour s'entrainer,Choses qui tournent,Choses rondes
Gravalanch,Sombre,base,Choses ameres,Choses dures,Choses en pierre,Choses pour s'entrainer,Choses qui tournent,Choses rondes
Grolem,Sombre,base,Choses acidulees,Choses dures,Choses en pierre,Choses pour s'entrainer,Choses qui tournent,Choses rondes
Magby,Chaud,base,Choses amusantes a regarder,Choses en pierre,Choses liees au feu,Choses mignonnes,Choses ondoyantes,Choses sucrees
Magmar,Chaud,base,Choses dures,Choses electriques,Choses en pierre,Choses liees au feu,Choses pour s'entrainer,Choses sucrees
Maganon,Chaud,base,Choses acres,Choses dures,Choses electriques,Choses en pierre,Choses liees au feu,Choses pour s'entrainer
Manzai,Sec,base,Choses acidulees,Choses dures,Choses en bois,Choses en pierre,Choses liees a la nature,Choses rondes
Simularbre,Sec,base,Choses acres,Choses amusantes a regarder,Choses dures,Choses en bois,Choses en pierre,Choses liees a la nature
Cornebre,Sombre,base,Choses a partager,Choses ameres,Choses en tissu,Choses liees au vent,Choses luxueuses,Choses qui brillent
Corboss,Sombre,base,Choses ameres,Choses avec du texte,Choses en verre,Choses inquietantes,Choses liees au vent,Choses qui brillent
Embrylex,Sombre,base,Choses en pierre,Choses imitant des aliments,Choses liees a la terre,Choses luxueuses,Choses qui brillent,Choses sucrees
Ymphect,Sombre,base,Choses acres,Choses amusantes a regarder,Choses dures,Choses en pierre,Choses luxueuses,Choses qui brillent
Tyranocif,Sombre,base,Choses dures,Choses en pierre,Choses epicees,Choses luxueuses,Choses pour s'entrainer,Choses qui brillent
Nenupiot,Humide,base,Choses acres,Choses liees a l'eau,Choses liees a la nature,Choses propres,Choses qui font du bruit,Recipients
Lombre,Humide,base,Choses ameres,Choses liees a l'eau,Choses liees a la nature,Choses propres,Choses qui font du bruit,Recipients
Ludicolo,Humide,base,Choses acres,Choses liees a l'eau,Choses liees a la nature,Choses qui font du bruit,Lieux pour jouer,Recipients
Mysdibule,Lumineux,base,Choses a partager,Choses acres,Choses colorees,Choses en metal,Choses imitant des aliments,Choses mignonnes
Chartor,Chaud,base,Choses acres,Choses amusantes a regarder,Choses dures,Choses en metal,Choses en pierre,Choses liees au feu
Crikzik,Sombre,base,Choses ameres,Choses amusantes a regarder,Choses colorees,Choses en bois,Choses liees a la nature,Choses qui font du bruit
Melokrik,Sombre,base,Choses amusantes a regarder,Choses colorees,Choses en bois,Choses epicees,Choses liees a la nature,Choses qui font du bruit
Pijako,Chaud,base,Choses en tissu,Choses fines,Choses liees au vent,Choses qui font du bruit,Choses sucrees,Lieux pour jouer
Riolu,Sombre,base,Choses amusantes a regarder,Choses en tissu,Choses epicees,Choses groupees,Choses pour s'entrainer,Constructions
Lucario,Sombre,base,Choses acres,Choses difficiles,Choses en metal,Choses pour s'entrainer,Choses qui guerissent,Constructions
Motisma,Lumineux,base,Choses a partager,Choses ameres,Choses carrees,Choses en verre,Choses qui brillent,Choses qui font du bruit
Pyronille,Sec,base,Choses ameres,Choses avec des symboles,Choses en bois,Choses liees a la nature,Choses liees au feu,Choses pointues
Pyrax,Sec,base,Choses acres,Choses avec des symboles,Choses avec du texte,Choses en bois,Choses liees a la nature,Choses liees au feu
Brindibou,Sombre,base,Choses acres,Choses en bois,Choses liees a la nature,Choses liees au vent,Choses qui tournent,Recipients
Effleche,Sombre,base,Choses acidulees,Choses en bois,Choses fines,Choses liees a la nature,Choses liees au vent,Choses propres
Archeduc,Sombre,base,Choses acres,Choses avec du texte,Choses en bois,Choses inquietantes,Choses liees a la nature,Choses liees au vent
Flambino,Chaud,base,Choses a partager,Choses acres,Choses douces,Choses en pierre,Choses liees au feu,Choses pointues
Lapyro,Chaud,base,Choses a partager,Choses acres,Choses en pierre,Choses liees au feu,Lieux pour jouer,Recipients
Pyrobut,Chaud,base,Choses a partager,Choses en pierre,Choses epicees,Choses liees au feu,Choses rondes,Lieux pour jouer
Rongourmand,Chaud,base,Choses acres,Choses amusantes a regarder,Choses douces,Choses en bois,Choses imitant des aliments,Choses rondes
Rongrigou,Chaud,base,Choses a partager,Choses douces,Choses en metal,Choses imitant des aliments,Choses luxueuses,Choses sucrees
Charbi,Chaud,base,Choses acidulees,Choses dures,Choses en metal,Choses en pierre,Choses liees au feu,Moyens de transport
Wagomine,Chaud,base,Choses dures,Choses en metal,Choses en pierre,Choses epicees,Choses liees au feu,Moyens de transport
Monthracite,Chaud,base,Choses dures,Choses en metal,Choses en pierre,Choses epicees,Choses liees au feu,Moyens de transport
Toxizap,Humide,base,Choses electriques,Choses en verre,Choses qui brillent,Choses qui font du bruit,Choses sucrees,Dechets
Salarsen Aigue,Humide,base,Choses electriques,Choses epicees,Choses fines,Choses pointues,Choses qui font du bruit,Lieux pour jouer
Salarsen Grave,Humide,base,Choses ameres,Choses electriques,Choses fines,Choses pointues,Choses qui font du bruit,Lieux pour jouer
Patachiot,Chaud,base,Choses amusantes a regarder,Choses avec du texte,Choses douces,Choses liees au feu,Choses mignonnes,Choses sucrees
Briochien,Chaud,base,Choses a partager,Choses acidulees,Choses amusantes a regarder,Choses imitant des aliments,Choses liees au feu,Choses mignonnes
Charbambin,Chaud,base,Choses en pierre,Choses etranges,Choses liees au feu,Choses luxueuses,Choses pour s'entrainer,Choses sucrees
Carmadura,Chaud,base,Choses en pierre,Choses epicees,Choses etranges,Choses liees au feu,Choses luxueuses,Choses pour s'entrainer
Malvalame,Chaud,base,Choses ameres,Choses en pierre,Choses etranges,Choses inquietantes,Choses liees au feu,Choses luxueuses
Germeclat,Sombre,base,Choses ameres,Choses difficiles,Choses dures,Choses en pierre,Choses qui brillent,Dechets
Floreclat,Sombre,base,Choses ameres,Choses difficiles,Choses dures,Choses en pierre,Choses qui brillent,Dechets
Mordudor,Sombre,base,Choses ameres,Choses difficiles,Choses en metal,Choses etranges,Choses inquietantes,Choses qui brillent
Gromago,Lumineux,base,Choses acres,Choses difficiles,Choses en metal,Choses etranges,Choses inquietantes,Choses qui brillent
Goupix,Chaud,base,Choses ameres,Choses douces,Choses liees au feu,Choses mignonnes,Choses rondes,Fleurs epanouies
Feunard,Chaud,base,Choses acres,Choses amusantes a regarder,Choses douces,Choses liees au feu,Choses luxueuses,Fleurs epanouies
Ptitard,Humide,base,Choses liees a l'eau,Choses propres,Choses qui tournent,Choses rondes,Choses sucrees,Moyens de transport
Tetarte,Humide,base,Choses ameres,Choses liees a l'eau,Choses liees a la nature,Choses pour s'entrainer,Choses propres,Choses qui tournent
Tartard,Humide,base,Choses a partager,Choses epicees,Choses liees a l'eau,Choses pour s'entrainer,Choses propres,Constructions
Tarpaud,Humide,base,Choses a partager,Choses acidulees,Choses groupees,Choses liees a l'eau,Choses qui font du bruit,Lieux pour jouer
Abra,Sombre,base,Choses acres,Choses amusantes a regarder,Choses douces,Choses en metal,Choses etranges,Choses ondoyantes
Kadabra,Sombre,base,Choses acres,Choses amusantes a regarder,Choses en metal,Choses etranges,Choses ondoyantes,Recipients
Alakazam,Sombre,base,Choses ameres,Choses amusantes a regarder,Choses avec du texte,Choses en metal,Choses etranges,Choses ondoyantes
Porygon,Lumineux,base,Choses ameres,Choses carrees,Choses colorees,Choses douces,Choses etranges,Constructions
Porygon2,Lumineux,base,Choses acidulees,Choses colorees,Choses douces,Choses etranges,Choses rondes,Constructions
Porygon-Z,Lumineux,base,Choses acres,Choses amusantes a regarder,Choses colorees,Choses douces,Choses en tissu,Choses etranges
Minidraco,Humide,base,Choses fines,Choses liees a l'eau,Choses liees au feu,Choses mignonnes,Choses propres,Choses sucrees
Draco,Humide,base,Choses en verre,Choses fines,Choses liees a l'eau,Choses liees au feu,Choses propres,Choses sucrees
Dracolosse,Humide,base,Choses acres,Choses avec des symboles,Choses liees au feu,Choses liees au vent,Choses propres,Fleurs epanouies
Hericendre,Chaud,base,Choses en metal,Choses en tissu,Choses fines,Choses liees au feu,Choses sucrees,Moyens de transport
Feurisson,Chaud,base,Choses en metal,Choses en tissu,Choses fines,Choses liees au feu,Choses sucrees,Moyens de transport
Typhlosion,Chaud,base,Choses acres,Choses en metal,Choses en tissu,Choses fines,Choses liees au feu,Moyens de transport
Feuforeve,Sombre,base,Choses acres,Choses amusantes a regarder,Choses colorees,Choses etranges,Choses inquietantes,Choses qui brillent
Magireve,Sombre,base,Choses a partager,Choses ameres,Choses etranges,Choses inquietantes,Choses ondoyantes,Choses qui font du bruit
Girafarig,Chaud,base,Choses acidulees,Choses amusantes a regarder,Choses douces,Choses etranges,Choses fines,Moyens de transport
Farigiraf,Chaud,base,Choses acidulees,Choses amusantes a regarder,Choses douces,Choses etranges,Choses fines,Moyens de transport
Tarsal,Lumineux,base,Choses amusantes a regarder,Choses avec des symboles,Choses etranges,Choses mignonnes,Choses qui guerissent,Choses sucrees
Kirlia,Lumineux,base,Choses amusantes a regarder,Choses avec des symboles,Choses etranges,Choses mignonnes,Choses qui guerissent,Choses sucrees
Gardevoir,Lumineux,base,Choses acidulees,Choses amusantes a regarder,Choses avec des symboles,Choses etranges,Choses luxueuses,Choses qui guerissent
Gallame,Lumineux,base,Choses en tissu,Choses epicees,Choses etranges,Choses pour s'entrainer,Choses qui guerissent,Constructions
Posipi,Lumineux,base,Choses a partager,Choses douces,Choses electriques,Choses en verre,Choses mignonnes,Choses sucrees
Negapi,Lumineux,base,Choses a partager,Choses douces,Choses electriques,Choses en verre,Choses epicees,Choses mignonnes
Kraknoix,Sec,base,Choses amusantes a regarder,Choses dures,Choses epicees,Choses etranges,Choses liees a la terre,Choses pour s'entrainer
Vibraninf,Sec,base,Choses ameres,Choses liees a la nature,Choses liees a la terre,Choses liees au feu,Choses luxueuses,Choses qui font du bruit
Libegon,Sec,base,Choses acidulees,Choses en bois,Choses en pierre,Choses liees a la nature,Choses liees a la terre,Choses liees au feu
Tylton,Lumineux,base,Choses amusantes a regarder,Choses douces,Choses liees au vent,Choses mignonnes,Choses propres,Choses sucrees
Altaria,Lumineux,base,Choses acidulees,Choses amusantes a regarder,Choses douces,Choses liees au vent,Choses mignonnes,Choses qui font du bruit
Skelenox,Sombre,base,Choses ameres,Choses en tissu,Choses en verre,Choses etranges,Choses inquietantes,Moyens de transport
Teraclope,Sombre,base,Choses acidulees,Choses douces,Choses etranges,Choses inquietantes,Moyens de transport,Recipients
Noctunoir,Sombre,base,Choses a partager,Choses ameres,Choses etranges,Choses inquietantes,Moyens de transport,Recipients
Terhal,Frais,base,Choses acidulees,Choses difficiles,Choses dures,Choses en metal,Choses en pierre,Choses etranges
Metang,Frais,base,Choses ameres,Choses difficiles,Choses dures,Choses en metal,Choses en pierre,Choses etranges
Metalosse,Frais,base,Choses acres,Choses dures,Choses en metal,Choses etranges,Choses luxueuses,Choses pour s'entrainer
Vipelierre,Humide,base,Choses acidulees,Choses en bois,Choses liees a l'eau,Choses liees a la nature,Choses ondoyantes,Choses qui brillent
Lianaja,Humide,base,Choses ameres,Choses en bois,Choses liees a l'eau,Choses liees a la nature,Choses propres,Choses qui brillent
Majaspic,Humide,base,Choses acres,Choses en bois,Choses fines,Choses liees a l'eau,Choses liees a la nature,Recipients
Grenousse,Humide,base,Choses amusantes a regarder,Choses epicees,Choses liees a l'eau,Choses liees a la mer,Choses propres,Recipients
Croaporal,Humide,base,Choses amusantes a regarder,Choses epicees,Choses liees a l'eau,Choses liees a la mer,Choses pour s'entrainer,Choses propres
Amphinobi,Humide,base,Choses ameres,Choses liees a l'eau,Choses liees a la mer,Choses pour s'entrainer,Choses propres,Choses qui brillent
Dedenne,Lumineux,base,Choses a partager,Choses amusantes a regarder,Choses electriques,Choses imitant des aliments,Choses mignonnes,Choses sucrees
Sonistrelle,Sombre,base,Choses amusantes a regarder,Choses epicees,Choses imitant des aliments,Choses liees au feu,Choses liees au vent,Choses luxueuses
Bruyverne,Sombre,base,Choses acres,Choses amusantes a regarder,Choses imitant des aliments,Choses liees au feu,Choses liees au vent,Lieux pour jouer
Minisange,Lumineux,base,Choses acidulees,Choses en bois,Choses fines,Choses liees au vent,Choses qui brillent,Recipients
Bleuseille,Lumineux,base,Choses acres,Choses en bois,Choses fines,Choses liees au vent,Choses qui brillent,Recipients
Corvaillus,Lumineux,base,Choses ameres,Choses en bois,Choses en metal,Choses liees au vent,Choses qui brillent,Recipients
Fantyrm,Humide,base,Choses a partager,Choses epicees,Choses etranges,Choses inquietantes,Choses liees au feu,Moyens de transport
Dispareptil,Humide,base,Choses a partager,Choses etranges,Choses inquietantes,Choses liees au feu,Choses sucrees,Moyens de transport
Lanssorien,Humide,base,Choses a partager,Choses epicees,Choses etranges,Choses inquietantes,Choses liees au feu,Moyens de transport
Poussacha,Lumineux,base,Choses colorees,Choses liees a la nature,Choses mignonnes,Choses sucrees,Fleurs epanouies,Recipients
Matourgeon,Lumineux,base,Choses acidulees,Choses colorees,Choses liees a la nature,Choses mignonnes,Choses pointues,Fleurs epanouies
Miascarade,Lumineux,base,Choses acres,Choses liees a la nature,Choses luxueuses,Choses mignonnes,Choses qui brillent,Fleurs epanouies
Zapetrel,Lumineux,base,Choses difficiles,Choses electriques,Choses epicees,Choses groupees,Choses liees a la mer,Choses liees au vent
Fulgulairo,Lumineux,base,Choses acres,Choses electriques,Choses fines,Choses groupees,Choses liees a la mer,Choses liees au vent
Forgerette,Lumineux,base,Choses en metal,Choses imitant des aliments,Choses mignonnes,Choses pour s'entrainer,Choses sucrees,Constructions
Forgella,Lumineux,base,Choses a partager,Choses acidulees,Choses en metal,Choses mignonnes,Choses pour s'entrainer,Constructions
Forgelina,Lumineux,base,Choses carrees,Choses en metal,Choses epicees,Choses mignonnes,Choses pour s'entrainer,Constructions
Ptera,Sec,base,Choses acidulees,Choses dures,Choses en pierre,Choses liees au vent,Choses qui brillent,Choses qui tournent
Kranidos,Sec,base,Choses a partager,Choses dures,Choses en pierre,Choses epicees,Choses ondoyantes,Choses pour s'entrainer
Charkos,Sec,base,Choses acres,Choses dures,Choses en metal,Choses en pierre,Choses luxueuses,Choses pour s'entrainer
Dinoclier,Sec,base,Choses dures,Choses en metal,Choses en pierre,Choses luxueuses,Choses rondes,Choses sucrees
Bastiodon,Sec,base,Choses ameres,Choses dures,Choses en metal,Choses en pierre,Choses luxueuses,Choses pour s'entrainer
Ptyranidur,Sec,base,Choses dures,Choses en pierre,Choses liees au feu,Choses luxueuses,Choses pour s'entrainer,Choses sucrees
Rexillius,Sec,base,Choses acidulees,Choses dures,Choses en pierre,Choses liees au feu,Choses luxueuses,Choses pour s'entrainer
Amagara,Frais,base,Choses a partager,Choses acres,Choses dures,Choses en pierre,Choses qui brillent,Recipients
Dragmara,Frais,base,Choses acidulees,Choses avec des symboles,Choses dures,Choses en pierre,Choses qui brillent,Choses qui font du bruit
Evoli,Chaud,base,Choses a partager,Choses avec du texte,Choses douces,Choses en pierre,Choses mignonnes,Choses sucrees
Aquali,Humide,base,Choses amusantes a regarder,Choses liees a l'eau,Choses mignonnes,Choses propres,Choses sucrees,Fleurs epanouies
Voltali,Lumineux,base,Choses electriques,Choses en verre,Choses epicees,Choses mignonnes,Choses pointues,Choses qui brillent
Pyroli,Chaud,base,Choses en bois,Choses en metal,Choses epicees,Choses liees au feu,Choses mignonnes,Moyens de transport
Mentali,Lumineux,base,Choses amusantes a regarder,Choses difficiles,Choses etranges,Choses liees au vent,Choses mignonnes,Choses sucrees
Noctali,Sombre,base,Choses ameres,Choses amusantes a regarder,Choses avec du texte,Choses luxueuses,Choses mignonnes,Choses qui brillent
Phyllali,Lumineux,base,Choses acidulees,Choses en tissu,Choses liees a la nature,Choses mignonnes,Choses qui guerissent,Fleurs epanouies
Givrali,Frais,base,Choses a partager,Choses en verre,Choses liees a l'eau,Choses mignonnes,Choses qui brillent,Choses sucrees
Nymphali,Chaud,base,Choses en tissu,Choses liees a la nature,Choses mignonnes,Choses qui font du bruit,Choses rondes,Choses sucrees
Kyogre,Humide,base,Choses acres,Choses en verre,Choses liees a l'eau,Choses liees a la mer,Choses luxueuses,Choses qui brillent
Raikou,Lumineux,base,Choses acres,Choses electriques,Choses en verre,Choses liees au vent,Choses luxueuses,Choses qui brillent
Entei,Chaud,base,Choses ameres,Choses avec des symboles,Choses en pierre,Choses liees au feu,Choses luxueuses,Choses pour s'entrainer
Suicune,Humide,base,Choses acidulees,Choses amusantes a regarder,Choses liees a l'eau,Choses liees a la mer,Choses propres,Choses qui guerissent
Volcanion,Chaud,base,Choses avec des symboles,Choses en pierre,Choses epicees,Choses liees a l'eau,Choses liees au feu,Recipients
Artikodin,Frais,base,Choses acidulees,Choses avec des symboles,Choses liees a l'eau,Choses liees au vent,Choses luxueuses,Choses qui brillent
Electhor,Lumineux,base,Choses avec des symboles,Choses electriques,Choses en verre,Choses epicees,Choses liees au vent,Choses luxueuses
Sulfura,Chaud,base,Choses avec des symboles,Choses en pierre,Choses epicees,Choses liees au feu,Choses liees au vent,Choses luxueuses
Ho-Oh,Chaud,base,Choses avec des symboles,Choses en bois,Choses epicees,Choses liees a la nature,Choses liees au feu,Choses liees au vent
Lugia,Humide,base,Choses acres,Choses avec des symboles,Choses etranges,Choses liees a l'eau,Choses liees a la mer,Choses liees au vent
Mewtwo,Sombre,base,Choses acres,Choses amusantes a regarder,Choses avec du texte,Choses difficiles,Choses en pierre,Choses etranges
Mew,Chaud,base,Choses amusantes a regarder,Choses difficiles,Choses etranges,Choses luxueuses,Choses sucrees,Lieux pour jouer
Granivol,Lumineux,event,Choses douces,Choses liees a la nature,Choses liees au vent,Choses ondoyantes,Choses sucrees,Fleurs epanouies
Floravol,Lumineux,event,Choses acres,Choses douces,Choses liees a la nature,Choses liees au vent,Choses qui tournent,Fleurs epanouies
Cotovol,Lumineux,event,Choses acidulees,Choses douces,Choses liees a la nature,Choses liees au vent,Choses rondes,Fleurs epanouies
Tenefix,Sombre,event,Choses acidulees,Choses amusantes a regarder,Choses imitant des aliments,Choses inquietantes,Choses luxueuses,Choses qui brillent
Jirachi,Lumineux,event,Choses amusantes a regarder,Choses en metal,Choses etranges,Choses ondoyantes,Choses qui brillent,Choses sucrees
Barpau,Humide,event,Choses a partager,Choses en verre,Choses liees a l'eau,Choses liees a la nature,Choses qui brillent,Choses sucrees
Milobellus,Humide,event,Choses acidulees,Choses en verre,Choses liees a l'eau,Choses luxueuses,Choses propres,Choses qui brillent
Kokiyas,Sombre,basin,Choses ameres,Choses dures,Choses liees a l'eau,Choses qui brillent,Choses rondes,Recipients
Crustabri,Frais,basin,Choses acidulees,Choses liees a l'eau,Choses pointues,Choses qui brillent,Choses rondes,Recipients
Hypotrempe,Humide,basin,Choses a partager,Choses fines,Choses liees a l'eau,Choses qui tournent,Choses sucrees,Lieux pour jouer
Hypocean,Humide,basin,Choses epicees,Choses fines,Choses liees a l'eau,Choses liees a la mer,Choses pointues,Choses qui tournent
Hyporoi,Sombre,basin,Choses acres,Choses fines,Choses liees a l'eau,Choses liees au vent,Choses luxueuses,Choses pour s'entrainer
Stari,Lumineux,basin,Choses ameres,Choses colorees,Choses etranges,Choses liees a l'eau,Choses pointues,Choses qui tournent
Staross,Lumineux,basin,Choses ameres,Choses colorees,Choses difficiles,Choses etranges,Choses liees a l'eau,Choses qui tournent
Kaiminus,Lumineux,basin,Choses a partager,Choses epicees,Choses liees a l'eau,Choses ondoyantes,Choses pointues,Lieux pour jouer
Crocrodil,Lumineux,basin,Choses en tissu,Choses epicees,Choses fines,Choses liees a l'eau,Choses pointues,Choses pour s'entrainer
Aligatueur,Lumineux,basin,Choses acidulees,Choses liees a l'eau,Choses liees au vent,Choses luxueuses,Choses pointues,Choses pour s'entrainer
Loupio,Humide,basin,Choses acres,Choses electriques,Choses en verre,Choses liees a l'eau,Choses ondoyantes,Choses qui brillent
Lanturn,Sombre,basin,Choses electriques,Choses en verre,Choses epicees,Choses liees a l'eau,Choses ondoyantes,Choses propres
Corayon,Chaud,basin,Choses en pierre,Choses en verre,Choses liees a l'eau,Choses liees a la nature,Choses propres,Choses sucrees
Gobou,Lumineux,basin,Choses acres,Choses douces,Choses en pierre,Choses liees a l'eau,Choses liees a la terre,Lieux pour jouer
Flobio,Lumineux,basin,Choses acres,Choses amusantes a regarder,Choses douces,Choses liees a l'eau,Choses liees a la terre,Constructions
Laggron,Lumineux,basin,Choses acres,Choses douces,Choses liees a l'eau,Choses liees a la terre,Choses pour s'entrainer,Constructions
Carvanha,Chaud,basin,Choses a partager,Choses epicees,Choses liees a l'eau,Choses liees a la mer,Choses pointues,Choses pour s'entrainer
Sharpedo,Humide,basin,Choses avec des symboles,Choses epicees,Choses liees a l'eau,Choses liees a la mer,Choses pointues,Choses pour s'entrainer
Barloche,Humide,basin,Choses ameres,Choses amusantes a regarder,Choses douces,Choses fines,Choses liees a l'eau,Choses liees a la terre
Barbicha,Humide,basin,Choses acres,Choses amusantes a regarder,Choses douces,Choses liees a l'eau,Choses liees a la terre,Choses ondoyantes
Ecrapince,Humide,basin,Choses ameres,Choses liees a l'eau,Choses liees a la nature,Choses pour s'entrainer,Constructions,Lieux pour jouer
Colhomard,Humide,basin,Choses epicees,Choses liees a l'eau,Choses luxueuses,Choses pour s'entrainer,Choses qui guerissent,Constructions
Lovdisc,Chaud,basin,Choses a partager,Choses liees a l'eau,Choses mignonnes,Choses qui guerissent,Choses sucrees,Lieux pour jouer
Mustebouee,Lumineux,basin,Choses a partager,Choses acres,Choses douces,Choses liees a l'eau,Choses qui tournent,Lieux pour jouer
Musteflott,Lumineux,basin,Choses douces,Choses epicees,Choses liees a l'eau,Choses propres,Choses qui guerissent,Choses qui tournent
Ecayon,Lumineux,basin,Choses acidulees,Choses colorees,Choses en tissu,Choses en verre,Choses liees a l'eau,Choses qui brillent
Lumineon,Sombre,basin,Choses a partager,Choses acres,Choses colorees,Choses en verre,Choses liees a l'eau,Choses qui brillent
Viskuse Male,Sombre,basin,Choses amusantes a regarder,Choses en tissu,Choses inquietantes,Choses liees a l'eau,Choses liees a la mer,Choses sucrees
Viskuse Femelle,Sombre,basin,Choses acidulees,Choses amusantes a regarder,Choses en tissu,Choses inquietantes,Choses liees a l'eau,Choses liees a la mer
Moyade Male,Sombre,basin,Choses acidulees,Choses inquietantes,Choses liees a l'eau,Choses liees a la mer,Choses luxueuses,Moyens de transport
Moyade Femelle,Sombre,basin,Choses epicees,Choses inquietantes,Choses liees a l'eau,Choses liees a la mer,Choses luxueuses,Moyens de transport
Mamanbo,Chaud,basin,Choses acidulees,Choses colorees,Choses liees a l'eau,Choses mignonnes,Choses propres,Choses qui guerissent
Limonde,Humide,basin,Choses acres,Choses amusantes a regarder,Choses carrees,Choses douces,Choses electriques,Choses liees a la terre
Sepiatop,Sombre,basin,Choses colorees,Choses difficiles,Choses etranges,Choses qui font du bruit,Choses qui tournent,Choses sucrees
Sepiatroce,Lumineux,basin,Choses acidulees,Choses avec du texte,Choses colorees,Choses difficiles,Choses etranges,Choses inquietantes
Otaquin,Lumineux,basin,Choses liees a l'eau,Choses mignonnes,Choses qui brillent,Choses rondes,Choses sucrees,Lieux pour jouer
Otarlette,Lumineux,basin,Choses a partager,Choses liees a l'eau,Choses propres,Choses qui font du bruit,Choses sucrees,Lieux pour jouer
Oratoria,Lumineux,basin,Choses acidulees,Choses liees a l'eau,Choses mignonnes,Choses propres,Choses qui font du bruit,Lieux pour jouer
Vorasterie,Chaud,basin,Choses ameres,Choses colorees,Choses liees a l'eau,Choses pointues,Choses qui brillent,Dechets
Predasterie,Chaud,basin,Choses acres,Choses colorees,Choses liees a l'eau,Choses pointues,Dechets,Recipients
Sovkipou,Sombre,basin,Choses a partager,Choses ameres,Choses liees a l'eau,Choses liees a la mer,Choses liees a la nature,Dechets
Sarmurai,Sombre,basin,Choses acres,Choses liees a l'eau,Choses liees a la nature,Choses luxueuses,Choses pour s'entrainer,Choses qui guerissent
Denticrisse,Chaud,basin,Choses acidulees,Choses amusantes a regarder,Choses colorees,Choses dures,Choses etranges,Choses liees a l'eau
Sinistrail,Sombre,basin,Choses ameres,Choses avec des symboles,Choses inquietantes,Choses liees a la mer,Choses liees a la nature,Choses ondoyantes
Khelocrok,Lumineux,basin,Choses dures,Choses en tissu,Choses liees a l'eau,Choses liees a la nature,Choses rondes,Choses sucrees
Torgamord,Lumineux,basin,Choses acidulees,Choses dures,Choses en pierre,Choses liees a l'eau,Choses pour s'entrainer,Choses rondes
Wattapik,Humide,basin,Choses ameres,Choses amusantes a regarder,Choses electriques,Choses liees a la mer,Choses pointues,Choses rondes
Taupikeau,Humide,basin,Choses a partager,Choses acres,Choses fines,Choses groupees,Choses liees a l'eau,Choses liees a la terre
Triopikeau,Humide,basin,Choses a partager,Choses en pierre,Choses fines,Choses groupees,Choses liees a l'eau,Choses sucrees
Delestin,Frais,basin,Choses douces,Choses liees a l'eau,Choses pointues,Choses pour s'entrainer,Choses sucrees,Moyens de transport
Phione,Chaud,basin,Choses acidulees,Choses douces,Choses liees a l'eau,Choses liees a la mer,Choses mignonnes,Choses rondes
Manaphy,Frais,basin,Choses ameres,Choses liees a l'eau,Choses liees a la mer,Choses mignonnes,Choses qui font du bruit,Choses qui guerissent
